{
    "loss": 0.15522153675556183,
    "accuracy": 0.9803921580314636
}